,_merged_text
0,new york
1,la grotta 404/231-1368
2,fenix 213/848-6677
3,570 4th st.
4,43 w. 65th st.
5,new york
6,rainbow room 212/632-5000
7,2 harrison st.  near hudson st.
8,aureole 212/ 319-1660
9,atlanta
10,cafe claude 415/392-3505
11,los angeles
12,2880 las vegas blvd. s
13,new york
14,chin's 702/733-8899
15,160 central park s
16,los angeles
17,island spice 212/765-1737
18,8284 melrose ave.
19,san francisco
20,atlanta
21,1397 n. highland ave.
22,new york
23,ciboulette 404/874-7600
24,6703 melrose ave.
25,95 ave. a at 6th st.
26,new york
27,rose pistola 415/399-0499
28,atlanta
29,montrachet 212/ 219-2777
30,13 w. 54th st.
31,new york
32,rex il ristorante 213/627-2300
33,delectables 404/681-2909
34,hotel bel-air 310/472-1211
35,1 mission st.
36,new york
37,oceana 212/759-5941
38,152 w. 44th st.
39,1737 post st.
40,spago 310/652-4025
41,42 e. 20th st.  between park ave. s and broadway
42,las vegas
43,toulouse 404/351-9533
44,studio city
45,new york
46,smith & wollensky 212/753-1530
47,3073 piedmont road
48,los angeles
49,dawat 212/355-7555
50,57 jane st.  off hudson st.
51,lulu 415/495-5775
52,atlanta
53,12969 ventura blvd.
54,san francisco
55,new york
56,abruzzi 404/261-8186
57,12224 ventura blvd.
58,new york
59,lutece 212/752-2225
60,san francisco
61,matsuhisa 310/659-9639
62,181 peachtree st.
63,new york
64,mary mac's tea room 404/876-1800
65,granita 310/456-0488
66,22 hawthorne st.
67,1110 3rd ave. at 65th st.
68,new york
69,river cafe 718/522-5200
70,20 e. 76th st.
71,cafe lalo 212/496-6031
72,atlanta
73,campton place 415/955-5555
74,hollywood
75,2245 e. flamingo rd.
76,new york
77,coyote cafe 702/891-7349
78,2 e. 55th st.
79,los angeles
80,fleur de lys 415/673-7779
81,jo jo 212/223-5656
82,3rd st.
83,san francisco
84,2637 peachtree rd.  peachtree house condominium
85,8358 sunset blvd. west
86,30 rockefeller plaza
87,adriano's ristorante 310/475-9807
88,atlanta
89,34 e. 61st st.
90,new york
91,georgia grille 404/352-3517
92,cafe bizou 818/788-3536
93,7 claude la.
94,new york
95,park avenue cafe 212/644-1900
96,3201 fillmore st.
97,3200 las vegas blvd. s
98,valentino 310/829-4313
99,402 w. 44th st.
100,las vegas
101,veni vidi vici 404/875-8424
102,bel air
103,new york
104,tavern on the green 212/873-3200
105,1529 piedmont ave.
106,los angeles
107,felidia 212/758-1479
108,239 w. broadway  between walker and white sts.
109,masa's 415/989-7154
110,atlanta
111,617 s. olive st.
112,1 margaret mitchell sq.
113,san francisco
114,new york
115,bacchanalia 404/365-0410
116,701 stone canyon rd.
117,55 e. 54th st.
118,new york
119,manhattan ocean club 212/ 371-7777
120,1114 horn ave.
121,san francisco
122,the palm 310/550-8811
123,b peachtree rd.
124,las vegas
125,nikolai's roof 404/221-6362
126,201 e. 49th st.
127,grill on the alley 310/276-0615
128,5937 geary blvd.
129,new york
130,san domenico 212/265-5959
131,210 e. 58th st.
132,cafe des artistes 212/877-3500
133,atlanta
134,chez michel 415/775-7036
135,malibu
136,2355 peachtree rd.  peachtree battle shopping center
137,new york
138,le montrachet 702/732-5111
139,249 e. 50th st.
140,los angeles
141,fringale 415/543-0573
142,atlanta
143,la caravelle 212/586-4252
144,129 n. la cienega blvd.
145,san francisco
146,new york
147,palace court 702/731-7547
148,224 ponce de leon ave.
149,los angeles
150,la cote basque 212/688-6525
151,23725 w. malibu rd.
152,1 water st. at the east river
153,atlanta
154,restaurant katsu 213/665-1891
155,201 w. 83rd st.
156,new york
157,hedgerose heights inn 404/233-7673
158,campanile 213/938-1447
159,340 stockton st.
160,new york
161,petrossian 212/245-2214
162,545 post st.
163,3799 las vegas blvd. s
164,yujean kang's gourmet chinese cuisine 818/585-0855
165,160 e. 64th st.
166,atlanta
167,alain rondelli 415/387-0408
168,sherman oaks
169,600 stockton st.
170,new york
171,uncle nick's 212/315-1726
172,beverly hills
173,four seasons grill room 212/754-9494
174,mifune japan center  kintetsu building 415/922-0337
175,atlanta
176,2290 peachtree rd.  peachtree square shopping center
177,san francisco
178,brooklyn
179,bone's 404/237-2663
180,14016 ventura blvd.
181,100 e. 63rd st.
182,new york
183,march 212/754-6272
184,3115 pico blvd.
185,san francisco
186,san francisco
187,patina 213/467-1108
188,41 14th st.
189,las vegas
190,pano's and paul's 404/261-3662
191,2316 polk st.
192,in central park at 67th st.
193,new york
194,second avenue deli 212/677-0606
195,243 e. 58th st.
196,carmine's 212/362-2200
197,los angeles
198,3125 piedmont rd.  near peachtree rd.
199,57 w. 58th st.
200,hawthorne lane 415/777-9779
201,atlanta
202,9001 santa monica blvd.
203,san francisco
204,new york
205,second street grille 702/385-3232
206,255 courtland st.  at harris st.
207,santa monica
208,le bernardin 212/489-1515
209,9560 dayton way
210,240 central park s
211,atlanta
212,l'orangerie 310/652-9770
213,1 w. 67th st.
214,new york
215,heera of india 404/876-4408
216,chinois on main 310/392-9025
217,804 northpoint
218,new york
219,picholine 212/724-8585
220,3000 w. paradise rd.
221,21 club 212/582-7200
222,33 w. 55th st.
223,atlanta
224,aqua 415/956-9662
225,los angeles
226,532 columbus ave.
227,3570 las vegas blvd. s
228,new york
229,union square cafe 212/243-4020
230,60 w. 55th st.  between 5th and 6th ave.
231,los angeles
232,gotham bar & grill 212/620-4020
233,1972 n. hillhurst ave.
234,plumpjack cafe 415/563-4755
235,atlanta
236,490 e. paces ferry rd.
237,new york
238,brasserie le coze 404/266-1440
239,624 s. la brea ave.
240,182 w. 58th st.
241,new york
242,mesa grill 212/807-7400
243,67 n. raymond ave.
244,san francisco
245,san francisco
246,philippe's the original 213/628-3781
247,arnie morton's of chicago 310/246-1501
248,126 clement st.
249,las vegas
250,cafe  ritz-carlton  buckhead 404/237-2700
251,816 folsom st.
252,747 9th ave.  between 50th and 51st sts.
253,new york
254,seryna 212/980-9393
255,99 e. 52nd st.
256,las vegas
257,carnegie deli 212/757-2245
258,dining room  ritz-carlton  buckhead 404/237-2700
259,new york
260,shun lee west 212/371-8844
261,3130 piedmont road
262,los angeles
263,chanterelle 212/966-6960
264,405 e. 58th st.
265,khan toke thai house 415/668-6654
266,atlanta
267,5955 melrose ave.
268,san francisco
269,new york
270,steak house 702/734-0410
271,1232 w. paces ferry rd.
272,los angeles
273,les celebrites 212/484-5113
274,156 2nd ave. at 10th st.
275,le chardonnay 213/655-8880
276,san francisco
277,2450 broadway  between 90th and 91st sts.
278,new york
279,indigo coastal grill 404/876-0676
280,citrus 213/857-0034
281,777 sutter st.
282,new york
283,pisces 212/260-6660
284,aquavit 212/307-7311
285,atlanta
286,boulevard 415/543-6084
287,santa monica
288,200 e. fremont st.
289,2930 beverly glen circle
290,new york
291,virgil's 212/ 921-9494
292,155 w. 51st st.
293,los angeles
294,gramercy tavern 212/477-0777
295,903 n. la cienega blvd.
296,san francisco
297,postrio 415/776-7825
298,atlanta
299,595 piedmont ave.  rio shopping mall
300,new york
301,buckhead diner 404/262-3336
302,2709 main st.
303,35 w. 64th st.
304,new york
305,ritz-carlton restaurant and dining room 415/296-7465
306,mi cocina 212/627-8273
307,21 w. 52nd st.
308,los angeles
309,pinot bistro 818/990-0500
310,art's delicatessen 818/762-1221
311,252 california st.
312,648 bush st.
313,21 e. 16th st.
314,12 e. 12th st.
315,las vegas
316,restaurant  ritz-carlton  atlanta 404/659-0400
317,los angeles
318,new york
319,sign of the dove 212/861-8080
320,3393 peachtree rd.  lenox square mall  near neiman marcus
321,los angeles
322,daniel 212/288-0033
323,102 5th ave.  between 15th and 16th sts.
324,la folie 415/776-5577
325,atlanta
326,1001 n. alameda st.
327,san francisco
328,new york
329,tillerman 702/731-4036
330,435 s. la cienega blv.
331,3434 peachtree rd.
332,new york
333,lespinasse 212/339-6719
334,11 e. 53rd st.
335,san francisco
336,locanda veneta 310/274-1893
337,854 7th ave.  between 54th and 55th sts.
338,3434 peachtree rd.
339,second avenue deli 212-677-0606
340,asian
341,368 bleecker st.
342,240 central park s.
343,il mulino 212-673-3783
344,8764 melrose ave.
345,louise's trattoria 213/667-0777
346,2905 buford hwy.
347,southern/soul
348,129 e. fremont st.
349,venetian 702/876-4190
350,mediterranean
351,mitali east-west 212-989-1367
352,remi 310/393-6545
353,continental
354,243 o'farrell st.
355,barbecue
356,california culinary academy 415/771-3500
357,200 w. 70th st.
358,french
359,caffe roma 212/226-8413
360,asian
361,150 w. 46th st.
362,732 broadway
363,southern
364,150 wooster st.  between houston and prince sts.
365,harris' 415/673-1888
366,12224 ventura blvd.
367,american (new)
368,corrado cafe 212/753-5100
369,asian
370,kyo-ya. sheraton palace hotel 415/546-5000
371,181 w. 10th st.
372,mexican
373,f. ille ponte ristorante 212/226-4621
374,3148 geary blvd.
375,yoyo tsumami bistro 415/922-7788
376,italian
377,original pancake house (at) 404-237-4116
378,philippe the original 213-628-3781
379,italian
380,french roast 212/533-2233
381,2027 sawtelle blvd.
382,seafood
383,bristol farms market cafe 310-643-5229
384,middle eastern
385,pacific new wave
386,health food
387,54 irving pl. at 17th st.
388,1716 pch
389,seafood
390,la cote basque 212-688-6525
391,indo cafe 310-815-1290
392,marquet patisserie 212/229-9313
393,vietnamese
394,265 pharr rd.
395,asian
396,coco loco 404/364-0212
397,730 n. la cienega blvd.
398,la salsa (la) 310-456-6299
399,picholine 212-724-8585
400,chinese
401,60 e. 54th st.
402,orso 212/489-7212
403,764 ninth ave.
404,182 w. 58th st.
405,hamburgers
406,ej's luncheonette 212-473-5555
407,923 peachtree st.  at 8th st.
408,seafood
409,9255 sunset blvd.
410,jackson's farm 310/273-5578
411,600 ponce de leon ave.
412,virgil's real bbq 212-921-9494
413,pomaire 212/ 956-3055
414,american
415,86 w. third st.
416,la grenouille 212-752-1495
417,21 e. 16th st.
418,east european
419,eclectic
420,paty's 818/761-9126
421,14928 ventura blvd.
422,mediterranean
423,3713 w. sahara ave.
424,ciboulette restaurant 404-874-7600
425,french
426,296 bleecker st.
427,3073 piedmont rd.
428,patsy's pizza 718-858-4300
429,italian
430,9876 wilshire blvd.
431,tommy tang's 213/937-5733
432,french (new)
433,625 polk st.
434,italian
435,garden court 415/546-5011
436,385 broome st. at mulberry
437,thailand restaurant 212-349-3132
438,bbq
439,2100 van ness ave.
440,asian
441,izzy's steak & chop house 415/563-0487
442,1013 3rd ave.  between 60th and 61st sts.
443,el teddy's 212/941-7070
444,nickiemoto's: a sushi bar 404/842-0334
445,american
446,majestic 404-875-0276
447,2 new montgomery st.  at market st.
448,asian
449,le chardonnay (los angeles) 213-655-8880
450,millennium 415/487-9800
451,39 desbrosses st.  near west st.
452,hamburgers
453,fishin eddie 212/874-3474
454,1611 post st.
455,asian
456,4330 peachtree rd.
457,steakhouses
458,tortillas 404-892-0193
459,458 6th ave. at 11th st.
460,vietnamese
461,global 212/477-8427
462,1570 rosecrans ave. s.
463,duke's 310-652-3100
464,asian
465,ebisu 415-566-1770
466,pizza
467,10428 1/2 national blvd.
468,french
469,johnny rockets (la) 213-651-3361
470,steakhouses
471,15 e. 12th st.  between 5th ave. and university pl.
472,italian
473,motown cafe 212/581-8030
474,steakhouses
475,40  buckhead crossing mall on the sidney marcus blvd.
476,italian
477,22800 pch
478,russian/german
479,sign of the dove 212-861-8080
480,californian
481,michael's (los angeles) 310-451-0843
482,322 w. 46th st.
483,peacock alley 212/872-4895
484,432 sixth ave.
485,155 e. 55th st.
486,seafood
487,1401 ocean ave.
488,french (new)
489,american (new)
490,abruzzi 404-261-8186
491,371 w. 46th st.  off 9th ave.
492,rosa mexicano 212/753-7407
493,3 e. 52nd st.
494,2245 e. flamingo rd.
495,nobu 212-219-0500
496,asian
497,american
498,8020 beverly blvd.
499,schatzi on main 310/399-4800
500,italian
501,nikolai's roof 404-221-6362
502,19 old fulton st.
503,224 ponce de leon ave.
504,sylvia's 212-996-0660
505,international
506,health food
507,304 e. 48th st.
508,agrotikon 212/473-2602
509,eclectic
510,market and new montgomery sts.
511,american
512,106 bayard st.
513,804 north point st.
514,buccaneer bay club 702-894-7350
515,lowcountry barbecue 404/255-5160
516,italian
517,big cup 212/206-0059
518,hamburgers
519,3345 steiner st.
520,coffee shops/diners
521,le soleil 415/668-4848
522,219 w. broadway  between franklin and white sts.
523,247 buckhead ave.  east village sq.
524,south city kitchen 404/873-7358
525,1031 ponce de leon ave.
526,american
527,ritz-carlton cafe (atlanta) 404-659-0400
528,246 mcallister st.
529,asian
530,73 w. 71st st.
531,hamburgers
532,fujiyama mama 212/769-1144
533,french
534,774 ponce de leon ave. ne
535,campo santo 415-433-9623
536,french
537,33 93 2nd ave.  between 5th and 6th sts.
538,coffee bar
539,i trulli 212/481-7372
540,8909 sunset blvd.
541,american
542,american
543,1283 ninth ave.
544,mario's bohemian cigar store cafe 415-776-8226
545,american
546,l'auberge 212/288-8791
547,7507 melrose ave.
548,mediterranean
549,french (new)
550,local nochol 818-706-7706
551,104 w. 57th st.  near 6th ave.
552,1147 third st.
553,american
554,indian
555,pho hoa 213-626-5530
556,301 park ave.  between 49th and 50th sts.
557,rain 212/501-0776
558,american
559,american (new)
560,continental
561,hedgerose heights inn  the 404-233-7673
562,tommy's 213-389-9060
563,1063 1st ave. at 58th st.
564,sea grill 212/332-7610
565,105 hudson st.
566,2290 peachtree rd.
567,american
568,20 mott st.  between bowery and pell st.
569,vida 213/660-4446
570,californian
571,aqua 415-956-9662
572,teresa's 212/228-0604
573,328 lenox ave.
574,126 clement st.
575,windows on the world 212-524-7000
576,american
577,1022 3rd ave.  between 60th and 61st sts.
578,arturo's 212/677-3820
579,mexican
580,southern/soul
581,617 s. olive st.
582,plumpjack cafe 415-563-4755
583,3300 las vegas blvd. s.
584,hamburgers
585,monte carlo 702-733-4524
586,6301 roswell rd.  sandy springs plaza  sandy springs
587,pricci 404/237-2941
588,bbq
589,bryant park grill  roof restaurant and bp cafe 212/840-6500
590,111 e. 22nd st.  between park ave. s and lexington ave.
591,asian
592,133 clement st.
593,steak houses
594,pan-asian
595,barbecue kitchen 404-766-9906
596,1144 crescent ave.
597,bamboo garden 702/871-3262
598,181 peachtree st.
599,italian
600,467 columbus ave.  between 82nd and 83rd sts.
601,coffee bar
602,halcyon 212/468-8888
603,empress court 702/731-7888
604,240 columbus ave.
605,hamburger mary's 415-626-1985
606,american
607,122 e. 27th st.  between lexington and park aves.
608,seafood
609,granita 310-456-0488
610,jewel of india 212/869-5544
611,2209 polk st.
612,slanted door 415-861-8032
613,1191 1st ave.  between 64th and 65th sts.
614,italian
615,le colonial 212/ 752-0808
616,30869 thousand oaks blvd.
617,asian
618,mulberry st. 818-906-8881
619,pastis 415/391-2555
620,mangia e bevi 212/956-3976
621,642 broadway
622,american
623,french (classic)
624,ruth's chris steak house (los angeles) 310-859-8744
625,100 w. 82nd st.
626,sal anthony's 212/982-9030
627,suppenkuche 415/252-9289
628,californian
629,2575 beverly blvd.
630,hamburgers
631,ritz-carlton dining room (buckhead) 404-237-2700
632,19 w. 49th st.
633,stingray 212/501-7515
634,delis
635,american
636,2 park ave. at 32nd st.
637,129 n. la cienega blvd.
638,816 folsom st.
639,103 1st ave.  between 6th and 7th sts.
640,coffee bar
641,tse yang 212/688-5447
642,khan toke thai house 415-668-6654
643,107th fl.
644,middle eastern
645,fiore rotisserie & grille 702-252-7702
646,carmine's 212-362-2200
647,barbecue
648,420 e. 59th st.  off 1st ave.
649,bolo 212/228-2200
650,continental
651,1 w. 67th st.
652,abbey 404/876-8532
653,border grill 310/451-1655
654,346 s. la brea ave.
655,3145 las vegas blvd. s.
656,hot dogs
657,sterling brunch 702-739-4651
658,500 pharr rd.
659,sundown cafe 404/321-1118
660,californian
661,1437 virginia ave.
662,drago 310/828-1585
663,japanese
664,carey's corner 770-933-0909
665,4850 flamingo rd.
666,cafe roma 702/731-7547
667,italian
668,mexican/latin american/spanish
669,151 w. 54th st.  in the rihga royal hotel
670,cafe bizou 818-788-3536
671,johnny rockets (at) 770-955-6068
672,3570 las vegas blvd. s
673,mikado 702/791-7111
674,1582 folsom st.
675,mo's burgers 415-788-3779
676,asian
677,15 w. 44th st.
678,coffee bar
679,la reserve 212/247-2993
680,bizou 415/543-2222
681,584 valencia st.
682,caffe dante 212/982-5275
683,italian
684,one market 415/777-5577
685,149 e. 57th st.
686,asian
687,lincoln tavern 212/721-8271
688,17040 ventura blvd.
689,mexican
690,china grill 212/333-7788
691,1015 battery st.
692,french (classic)
693,splendido embarcadero 415/986-3222
694,800 9th ave. at 53rd st.
695,american
696,224 s. beverly dr.
697,coffee shops
698,55 irving pl.
699,601 hayes st.
700,world wrapps 415/563-9727
701,scandinavian
702,coffee shops
703,428 amsterdam ave.  between 80th and 81st sts.
704,french
705,the savannah club 212/496-1066
706,777 sutter st.
707,caribbean
708,21 club 212-582-7200
709,bernard's 213-612-1580
710,international
711,french (new)
712,67 n. raymond ave.
713,rose pistola 415-399-0499
714,34 e. 51st st.
715,american
716,water club 212/683-3333
717,9570 wilshire blvd.
718,3700 w. flamingo rd.
719,gramercy tavern 212-477-0777
720,american
721,12 e. 12th st.
722,3645 las vegas blvd. s.
723,163 ponce de leon ave.
724,american
725,168 w. colorado blvd.
726,cafe renaissance 770/441--0291
727,cha cha cha 213/664-7723
728,cuban
729,bradshaw's restaurant 404-261-7015
730,2165 cheshire bridge rd.
731,montrachet 212-219-2777
732,mediterranean
733,57 jane st.
734,corner bistro 212-242-9502
735,1215 powers ferry rd.
736,301 n. beverly dr.
737,hard rock cafe 310/276-7605
738,steakhouses
739,harold's barbecue 404-627-9268
740,3570 las vegas blvd. s
741,golden steer 702/384-4470
742,american
743,kelley & ping 212-228-1212
744,american
745,2970 cobb pkwy.
746,thai
747,3400 las vegas blvd. s
748,acquarello 415/567-5432
749,1322 grant st.
750,american
751,cafe la fortuna 212/724-5846
752,italian
753,4 w. 49th st.
754,american
755,598 fourth st.
756,italian
757,cypress club 415/296-8555
758,81 macdougal st.  between houston and bleeker sts.
759,cafeterias
760,captain's table 212/697-9538
761,1 market st.
762,seafood
763,51 w. 64th st.
764,american
765,60 w. 53rd st.
766,2709 main st.
767,cafeterias
768,diva 212/941-9024
769,4
770,thepin 415/863-9335
771,italian
772,italian
773,thai
774,2257 chestnut st.
775,indian
776,apple pan  the 310-475-3585
777,asian
778,southern/soul
779,2420 broadway at 89th st.
780,american
781,515 s. olive st.
782,daniel 212-288-0033
783,seafood
784,cassell's 213-480-8668
785,american (traditional)
786,american
787,2 harrison st.
788,500 e. 30th st.
789,latin american
790,anthonys 404/262-7379
791,207 s. beverly dr.
792,delis
793,lutece 212-752-2225
794,milan cafe and coffee bar 212/807-1801
795,diners
796,2 e. 55th st.
797,zankou chicken 818-244-1937
798,2911 s. pharr court
799,7050 jimmy carter blvd.  norcross
800,continental
801,fat matt's rib shack 404/607-1622
802,eclipse 310/724-5959
803,1121 s. western ave.
804,middle eastern
805,san domenico 212-265-5959
806,american
807,331 w. fourth st.
808,1 water st.
809,gray's papaya 212-799-0243
810,asian
811,679 n. spring st.
812,le dome 310/659-6919
813,171 mcdonough blvd.
814,japanese
815,308 w. sahara ave.
816,asian
817,127 greene st.
818,3000 paradise rd.
819,menchanko-tei 212-247-1585
820,rj's the rib joint 310/274-7427
821,french (classic)
822,californian
823,1722 sacramento st.
824,asian
825,cafe marimba 415/776-1506
826,69 w. 71st st.
827,american
828,french
829,italian
830,500 jackson st.
831,asian
832,860 2nd ave. at 46th st.
833,harbor village 415/781-8833
834,435 s. la cienega blvd.
835,vegetarian
836,columbus bakery 212/421-0334
837,italian
838,continental
839,kuleto's 415/397-7720
840,341 w. broadway  near grand st.
841,continental
842,evergreen cafe 212/744-3266
843,298 gough st.
844,american
845,nuevo laredo cantina 404-352-9009
846,patina 213-467-1108
847,mexican
848,fraunces tavern 212/269-0144
849,10801 w. pico blvd.
850,french (classic)
851,brighton coffee shop 310-276-7732
852,french
853,californian
854,delis
855,american
856,3266 w. sixth st.
857,mediterranean
858,hollywood hills coffee shop 213-467-7678
859,marichu 212/370-1866
860,californian
861,3109 piedmont rd.  just south of peachtree rd.
862,american
863,city grill 404/524-2489
864,american
865,la cachette 310-470-4992
866,petrossian 212-245-2214
867,bbq
868,120 w. 23rd st.
869,odeon 212/233-0507
870,1415 e. colorado st.
871,noodle shops
872,100 e. 63rd st.
873,1811 piedmont ave.  near cheshire bridge rd.
874,american
875,201 moreno dr.
876,jack sprat's grill 310/837-6662
877,french (new)
878,union square cafe 212-243-4020
879,planet hollywood 212/333-7827
880,2090 broadway
881,la caridad 212-874-2780
882,747 ninth ave.
883,american
884,chinese
885,pacific dining car 213/483-6000
886,1448 n. gower st.
887,french (new)
888,buckhead diner 404-262-3336
889,asian
890,39 w. 55th st.
891,3393 peachtree rd.
892,palm too 212-697-5198
893,american
894,the mandarin 310/859-0926
895,3835 cross creek rd.
896,continental
897,2317 chestnut st.
898,american
899,fog city diner 415/982-2000
900,thai house cafe 212-334-1085
901,ambassador grill 212/702-5014
902,cajun/creole
903,4 embarcadero center
904,buffets
905,il fornaio levi's plaza 415/986-0100
906,53rd sts.
907,duane park cafe 212/732-5555
908,mi spia dunwoody rd. 770/393-1333
909,lettuce souprise you (at) 770-418-9969
910,221 powell st.
911,buffets
912,l'orangerie 310-652-9770
913,mccormick & kuleto's 415/929-1730
914,1288 1st ave. at 69th st.
915,chinese
916,first 212/674-3823
917,french
918,1495 chattahoochee ave. nw
919,thelma's kitchen 404-688-5855
920,54 pearl st. at broad st.
921,thai
922,girafe 212/752-3054
923,9600 brighton way
924,don antonio's 310-209-1422
925,french
926,dusit thai 415-826-4639
927,indochine 212/505-5111
928,6145 franklin ave.
929,italian
930,johnny reb's southern smokehouse 310-423-7327
931,american (new)
932,342 e. 46th st.  between 1st and 2nd aves.
933,american
934,morton's 212/972-3315
935,hamburgers
936,50 hurt plaza
937,10506 little santa monica blvd.
938,maxwell's cafe 310-306-7829
939,asian
940,shun lee palace 212-371-8844
941,italian
942,145 w. broadway at thomas st.
943,patria 212/777-6211
944,delicatessen
945,601 s. figueroa st.
946,continental
947,rae's 310-828-7937
948,tillerman  the 702-731-4036
949,140 w. 57th st.
950,roettelle a. g 212/674-4140
951,2199 broadway
952,2880 las vegas blvd. s.
953,moustache 718-852-5555
954,coffee bar
955,3rd st.
956,roscoe's house of chicken 'n' waffles 213/466-9329
957,italian
958,mary mac's tea room 404-876-1800
959,shaan 212/ 977-8400
960,840 second ave.
961,sushisay 212-755-1780
962,2637 peachtree rd. ne
963,american
964,asian
965,937 broadway at 22nd st.
966,adrienne 212/903-3918
967,italian
968,1300 battery st.
969,chez michel 415-775-7036
970,151 hudson st.
971,340 stockton st.
972,andre's french restaurant 702-385-5016
973,948 1st ave.  between 52nd and 53rd sts.
974,little szechuan 770/451-0192
975,ben benson's 212/581-8888
976,italian
977,hamburgers
978,1265 battery st.
979,american
980,le central 415/391-2233
981,157 duane st.  between w. broadway and hudson st.
982,piero's restaurant 702-369-2305
983,park place  across from perimeter mall  dunwoody
984,sato sushi and thai 770/449-0033
985,3525 mall blvd.
986,coffee shops
987,rainbow restaurant 404-633-3538
988,ghirardelli sq.
989,coffee shops/diners
990,87 1st ave.  between 5th and 6th sts.
991,frico bar 212/564-7272
992,bistro 702/791-7111
993,french
994,764 marietta st. nw
995,caffe greco 415-397-6261
996,american
997,mexican
998,208 e. 58th st.  between 2nd and 3rd aves.
999,mediterranean
1000,hudson river club 212/786-1500
1001,1136 westwood blvd.
1002,french
1003,3221 mission st.
1004,la taqueria 415-285-7117
1005,430 lafayette st.  between 4th st. and astor pl.
1006,asian
1007,l'absinthe 212/794-4950
1008,4663 long beach blvd.
1009,french
1010,langer's 213-483-8050
1011,551 5th ave. at 45th st.
1012,trio cafe 415-563-2248
1013,13329 washington blvd.
1014,italian
1015,continental
1016,parkway grill 818-795-1001
1017,250 park ave. s at 20th st.
1018,post house 212/935-2888
1019,rumpus 415/421-2300
1020,coffee bar
1021,american (new)
1022,2901 pico blvd.
1023,fast food
1024,georgia grille 404-352-3517
1025,taiko 310-207-7782
1026,126 e. 7th st.  between 1st ave. and ave. a
1027,sarabeth's kitchen 212/496-6280
1028,405 atlantic ave.
1029,1 margaret mitchell sq.
1030,american
1031,60 n. venice blvd.
1032,californian
1033,alain rondelli 415-387-0408
1034,57 w. 48th st.
1035,tapika 212/ 397-3737
1036,38 e. 51st st.
1037,41 14th st.
1038,westside cottage 212-245-0800
1039,mediterranean
1040,200-250 vesey st. world financial center
1041,american
1042,arizona 212/838-0440
1043,southern/soul
1044,12969 ventura blvd.
1045,545 post st.
1046,mifune 415-922-0337
1047,401 s. 6th st.
1048,cuban
1049,michael's (las vegas) 702-737-7111
1050,c buford hwy.  northwoods plaza  doraville
1051,pleasant peasant 404/874-3223
1052,asian
1053,southern/soul
1054,bruno 212/688-4190
1055,103 waverly pl.  near washington sq.
1056,italian
1057,453 bush st.
1058,buffets
1059,355 convention center dr.
1060,pizza
1061,baker's cajun cafe 404-223-5039
1062,6050 peachtree pkwy.  norcross
1063,bally's big kitchen 702/739-4111
1064,2118 n. decatur rd.
1065,italian
1066,american
1067,402 w. 43rd st.  off 9th ave.
1068,french
1069,3400 las vegas blvd. s
1070,circus circus 702/734-0410
1071,423 columbus ave.
1072,eric's chinese restaurant 415-282-0919
1073,mexican/latin american/spanish
1074,4 world financial center
1075,french
1076,fenix at the argyle 213-848-6677
1077,jean lafitte 212/751-2323
1078,2889 mission st.
1079,san francisco bbq 415-431-8956
1080,greek and middle eastern
1081,227 e. 67th st.
1082,coffee bar
1083,le chantilly 212/751-2931
1084,704 s. alvarado st.
1085,french
1086,1870 fillmore st.
1087,pane e vino 415/346-2111
1088,american
1089,main street 212/873-5025
1090,510 s. arroyo pkwy.
1091,american (new)
1092,russell's burgers 310-596-9556
1093,28 e. 63rd st.
1094,1 tillman pl.
1095,straits cafe 415/668-1783
1096,steakhouses
1097,11677 san vicente blvd.
1098,pacific new wave
1099,423 amsterdam ave.  between 80th and 81st sts.
1100,stage deli 212/245-7850
1101,italian
1102,asian
1103,hot dogs
1104,8638 w. third st.
1105,2316 polk st.
1106,950 8th ave. at 56th st.
1107,asian
1108,trois jean 212/988-4858
1109,hawthorne lane 415-777-9779
1110,689 ninth ave.
1111,seafood
1112,cafe des artistes 212-877-3500
1113,continental
1114,1393a 2nd ave.  between 72nd and 73rd sts.
1115,boca chica 212/473-0108
1116,californian
1117,201 w. 83rd st.
1118,zoe 212/966-6722
1119,asian
1120,bistro garden 310/550-3900
1121,3rd st. promenade
1122,3595 las vegas blvd. s.
1123,american
1124,stefano's 702-385-7111
1125,555 peachtree st.  at linden ave.
1126,american
1127,33 w. 55th st.
1128,1134 euclid ave.
1129,dive! 310/788-
1130,asian
1131,carey's 770-422-8042
1132,3645 las vegas blvd. s
1133,cafe michelle 702/735-8686
1134,asian
1135,italian
1136,bel-air hotel 310-472-1211
1137,chinese
1138,java jive 404-876-6161
1139,2880 las vegas blvd. s
1140,mary's diner 702/454-8073
1141,1500 church st.
1142,vegetarian
1143,68 w. 58th st.
1144,italian
1145,l'udo 212/388-0978
1146,bix 415/433-6300
1147,1328 18th st.
1148,cafe fes 212/924-7653
1149,wa-ha-ka oaxaca mexican grill 415-775-1055
1150,
1151,106 e. 57th st.
1152,american
1153,les halles 212/679-4111
1154,southwestern
1155,chiam 212/371-2323
1156,3011 steiner st.
1157,japanese
1158,south park cafe 415/495-7275
1159,446 columbus ave.  between 81st and 82nd sts.
1160,italian
1161,1198 pch
1162,delis
1163,9560 dayton way
1164,diners
1165,3300 geary blvd.
1166,vivande ristorante 415/673-9245
1167,american (new)
1168,cajun/creole
1169,834 7th ave.  between 53rd and 54th sts.
1170,asian
1171,the coffee pot 212/265-3566
1172,benita's frites 310-458-2889
1173,yujean kang's 818-585-0855
1174,american (new)
1175,chicken
1176,3115 pico blvd.
1177,154 e. 79th st.  between lexington and 3rd aves.
1178,coffee bar
1179,ritz-carlton dining room (san francisco) 415-296-7465
1180,vong 212/486-9592
1181,2930 beverly glen circle
1182,french bistro
1183,gotham bar & grill 212-620-4020
1184,99 e. 52nd st.
1185,129 fremont st.
1186,90 prince st.  between broadway and mercer st.
1187,middle eastern
1188,310 n. larchmont blvd.
1189,bistango 404/724-0901
1190,cava 213/658-8898
1191,japanese
1192,bobby & june's kountry kitchen 404-876-3872
1193,mi cocina 212-627-8273
1194,continental
1195,102 fifth ave.
1196,cafe con leche 212-595-7000
1197,1021 cobb pkwy. se
1198,2020 ave. of the stars
1199,hsu's gourmet 404/659-2788
1200,gladstone's 310/454-3474
1201,steakhouses
1202,greenwood's 770-992-5383
1203,1350 e. flamingo rd.
1204,golden nugget hotel 702/385-7111
1205,mediterranean
1206,john's pizzeria 212-721-7001
1207,nate 'n' al's 310/274-0101
1208,790 ponce de leon ave.
1209,polish
1210,5111 w. boulder hwy.
1211,2223 415/431-0692
1212,coffee bar
1213,cafe botanica 212/484-5120
1214,italian
1215,432 lafayette st.  near astor pl.
1216,56 gold st.
1217,southern
1218,246 w. 4th st. at charles st.
1219,chevys 415/543-8060
1220,2141 polk st.
1221,spanish
1222,capsouto freres 212/966-4900
1223,greek and middle eastern
1224,411 park ave. s  between 28th and 29th sts.
1225,american
1226,160 e. 48th st.
1227,helmand 415/362-0641
1228,624 s. la brea ave.
1229,japanese
1230,dean & deluca 212/254-8776
1231,108 south park
1232,the heights 415/474-8890
1233,seafood
1234,diners
1235,fifty seven fifty seven 212/758-5757
1236,670 golden gate ave.
1237,french (new)
1238,latin american
1239,delis
1240,350 9th ave. at 49th st.
1241,1433 third st. promenade
1242,cafe blanc 310-888-0108
1243,chanterelle 212-966-6960
1244,french (classic)
1245,californian
1246,american
1247,200 e. 54th st.
1248,italian
1249,annie's thai castle 404/264-9546
1250,700 w. fifth st.
1251,italian
1252,jody maroni's sausage kingdom 310-306-1995
1253,lespinasse (new york city) 212-339-6719
1254,mavalli palace 212/679-5535
1255,japanese
1256,155 w. 58th st.
1257,water grill 213-891-0900
1258,375 14th st.
1259,1100 peachtree st.
1260,asian
1261,134 n. la cienega
1262,dante's down the hatch 404/577-1800
1263,dynasty room 310/208-8765
1264,river cafe 718-522-5200
1265,424 amsterdam ave.
1266,pacifica 212/941-4168
1267,american
1268,30 rockefeller plaza
1269,good enough to eat 212-496-0163
1270,192 peachtree center ave.  at international blvd.
1271,american
1272,4500 los feliz blvd.
1273,le colonial 310/289-0660
1274,1087 green st.
1275,bbq
1276,129 e. fremont st.
1277,le montrachet bistro 702-732-5651
1278,italian
1279,48 w. 65th st.
1280,3799 las vegas blvd. s.
1281,marnie's noodle shop 212-741-3214
1282,mexican
1283,prego 310/277-7346
1284,3rd st. promenade
1285,american (new)
1286,2223 market st.
1287,italian
1288,cafe adriano 415/474-4180
1289,160 central park s
1290,american
1291,sam's noodle shop 212-213-2288
1292,italian
1293,italian
1294,4th and howard sts.
1295,asian
1296,greens 415/771-6222
1297,451 washington st.  near watts st.
1298,coco pazzo 212/794-0205
1299,coffee bar
1300,430 broadway
1301,coffee shops/diners
1302,katia's 415/668-9292
1303,121 prince st.
1304,californian
1305,ernie's 212/496-1588
1306,3235 sacramento st.
1307,american
1308,nava 404-240-1984
1309,palm  the (los angeles) 310-550-8811
1310,57 e. 57th st.
1311,mediterranean
1312,follonico 212/691-6359
1313,brent's deli 818-886-5679
1314,american
1315,french bistro
1316,white house restaurant 404-237-7601
1317,mexican/tex-mex
1318,french
1319,9777 little santa monica blvd.
1320,russian
1321,gumbo pot  the 213-933-0358
1322,italian
1323,manila garden 212/777-6314
1324,diners
1325,3195 roswell rd.
1326,american
1327,american
1328,2011 ocean front walk
1329,park avenue cafe (new york city) 212-644-1900
1330,koo koo roo 213-655-9045
1331,american (new)
1332,46 e. 29th st.
1333,newsbar 212/255-3996
1334,544 s. grand ave.
1335,desserts
1336,55 e. 54th st.
1337,underground underground mall  underground atlanta
1338,coffee bar
1339,439 n. beverly drive
1340,uncle nick's 212-245-7992
1341,american (new)
1342,138 lafayette st.  between canal and howard sts.
1343,persepolis 212/535-1100
1344,483 amsterdam ave.
1345,kuruma zushi 212-317-2802
1346,central park west
1347,asian
1348,ukrainian
1349,orleans 310/479-4187
1350,10001 riverside dr.
1351,thai
1352,brasserie le coze 404-266-1440
1353,mediterranean
1354,466 hudson st.
1355,palm 212-687-2953
1356,3130 piedmont rd. ne
1357,coffee bar
1358,mexican
1359,7313 melrose ave.
1360,tavola calda 213/658-6340
1361,chinese
1362,3347 fillmore st.
1363,continental
1364,411 third ave.
1365,teresa's 718-520-2910
1366,3434 peachtree rd. ne
1367,italian
1368,alley's end 212/627-8899
1369,sandwiches
1370,bldg. a fort mason
1371,italian
1372,hyde street bistro 415/441-7778
1373,23 e. 74th st.
1374,mckinnon's louisiane 404/237-1313
1375,southern/soul
1376,la fonda latina 404-303-8201
1377,600 5th ave.
1378,american
1379,katsu 213-665-1891
1380,maykadeh 415/362-8286
1381,2150 broadway  between 75th and 76th sts.
1382,vietnamese
1383,firehouse 212/595-3139
1384,latin american
1385,3060 peachtree rd.
1386,soto 404-233-2005
1387,only in las vegas
1388,6 w. 24th st.
1389,american
1390,gianni's 212/608-7300
1391,19565 parthenia ave.
1392,middle eastern
1393,3172 peachtree rd. ne
1394,dottie's true blue cafe 415-885-2767
1395,coffee bar
1396,inca grill 212/966-3371
1397,6333 w. third st.
1398,italian
1399,johnnie's pastrami 310-397-6654
1400,chinese
1401,325 e. 14th st.  between 1st and 2nd aves.
1402,seafood
1403,diners
1404,8393 w. beverly blvd.
1405,greek and middle eastern
1406,steakhouses
1407,martha's 310-376-7786
1408,2 w. 19th st.
1409,parioli romanissimo 212/288-2391
1410,american
1411,southern/soul
1412,greek and middle eastern
1413,steak house  the 702-734-0410
1414,r-23 213-687-7178
1415,1423 2nd ave.  between 74th and 75th sts.
1416,republic 212/627-7172
1417,2nd fl.
1418,200 e. fremont st.
1419,american
1420,3110 main st.
1421,restaurant horikawa 213/680-9355
1422,italian
1423,la grotta 404-231-1368
1424,californian
1425,sfuzzi 212/873-3700
1426,837 second ave.
1427,1397 n. highland ave.
1428,stick to your ribs 718-937-3030
1429,and 212/614-9345 asian
1430,caribbean
1431,322 e. 14 st.  between 1st and 2nd aves.
1432,9 jones street 212/989-1220
1433,steakhouses
1434,campton place 415-955-5555
1435,80 montague st.
1436,7 claude ln.
1437,zarela 212-644-6740
1438,228 8th ave.  between 21st and 22nd sts.
1439,la grotta at ravinia dunwoody rd. 770/395-9925
1440,american
1441,barbetta 212/246-9171
1442,american (new)
1443,1521 hyde st.
1444,coffee shops/diners
1445,l'osteria del forno 415/982-1124
1446,indian
1447,nicky blair's 702-792-9900
1448,3209 maple dr.
1449,sa tsu ki 404/325-5285
1450,4427 roswell rd.
1451,cafe bianco 212/988-2655
1452,indian
1453,470 green st.
1454,mexican
1455,522 columbus ave.  between 85th and 86th sts.
1456,french roast cafe 212/799-1533
1457,binion's coffee shop 702/382-1600
1458,3330 piedmont rd.
1459,cafe flore 415-621-8579
1460,french
1461,pizza
1462,15 fulton st.
1463,french
1464,home 212/243-9579
1465,american
1466,522 jones st.
1467,la mediterranee 415-431-7210
1468,492 broome st.  near w. broadway
1469,french
1470,judson grill 212/582-5252
1471,4017 s. sepulveda blvd.
1472,italian
1473,la serenata de garibaldi 213-265-2887
1474,ti couz 415-252-7373
1475,le madri 212/727-8022
1476,22nd street grill 25 22nd
1477,italian
1478,southwestern
1479,original pantry bakery 213-627-6879
1480,24 e. 81st st.
1481,popover cafe 212/595-8555
1482,rubicon 415/434-4100
1483,french (new)
1484,923 e. third st.
1485,pacific new wave
1486,delectables 404-681-2909
1487,sweet lady jane 213-653-7145
1488,37a union sq. w  between 16th and 17th sts.
1489,sant ambroeus 212/570-2211
1490,nuova cucina italian
1491,american
1492,1930 north hillhurst ave.
1493,veni vidi vici 404-875-8424
1494,58 w. 65th st.
1495,tang pavillion 212/956-6888
1496,5-16 51st ave.
1497,293-b peachtree rd.
1498,veselka 212-228-9682
1499,italian
1500,106 w. houston st.  off thompson st.
1501,anche vivolo 212/308-0112
1502,californian
1503,1001 n. alameda st.
1504,3127 fillmore st.
1505,veniero's pasticceria 212/674-7264
1506,masa's 415-989-7154
1507,953 second ave.
1508,mexican
1509,mayflower cuisinier 702-870-8432
1510,holiday inn/crowne plaza at ravinia  dunwoody
1511,tex-mex
1512,southern
1513,palisades 404/350-6755
1514,brothers bar-b-q 212/727-2775
1515,25 w. 40th st.  between 5th and 6th aves.
1516,french
1517,519 columbus ave.
1518,ca'del sol 818/985-4669
1519,3925 paradise rd.
1520,chinese
1521,alon's at the terrace 404-724-0444
1522,3043 buford hwy.
1523,antonio's 702/252-7737
1524,american
1525,steak houses
1526,2340 broadway at 85th st.
1527,deacon burton's soulfood restaurant 404-523-1929
1528,128 fremont st.
1529,center stage plaza hotel 702/386-2512
1530,2298 market st.
1531,emerald garden restaurant 415-673-1155
1532,american
1533,20 cornelia st.  between bleecker and w. 4th st.
1534,italian
1535,citrus 213-857-0034
1536,ipanema 212/730-5848
1537,art's deli 818-762-1221
1538,the bacchanal 702/731-7525
1539,288 noe st.
1540,sally's cafe & bakery 415-626-6006
1541,seafood
1542,152 w. 52nd st.
1543,italian
1544,layla 212/431-0700
1545,1842 e. first
1546,3108 16th st.
1547,caffe reggio 212/475-9557
1548,palio d'asti 415/395-9800
1549,168 w. 18th st.
1550,french
1551,mad fish 212/787-0202
1552,875 s. figueroa st. downtown
1553,mediterranean
1554,ruby's (la) 818-796-7829
1555,551 amsterdam ave.  between 86th and 87th sts.
1556,558 sacramento st.
1557,stoyanof's cafe 415/664-3664
1558,seafood
1559,8360 melrose ave.
1560,american
1561,1000 madison ave.  between 77th and 78th sts.
1562,spring street natural restaurant & bar 212/966-0290
1563,yaya cuisine 415/566-6966
1564,french (classic)
1565,barbecue
1566,californian
1567,8284 melrose ave.
1568,5937 geary blvd.
1569,65 w. 55th st.
1570,american
1571,tribeca grill 212/941-3900
1572,fringale 415-543-0573
1573,144 second ave.
1574,cafe lalo 212-496-6031
1575,continental
1576,23 e. 22nd st.
1577,health food
1578,34 e. 61st st.
1579,zen palate 212/614-9291
1580,342 e. 11th st.  near 1st ave.
1581,asian
1582,beaurivage 310/456-5733
1583,4th st.
1584,4750 w. sahara ave.
1585,greek
1586,steakhouse  the 702-382-1600
1587,1829 peachtree rd.
1588,la caravelle 212-586-4252
1589,american
1590,160 e. 64th st.
1591,659 peachtree st.
1592,2628 wilshire blvd.
1593,dining room 310/275-5200
1594,pizza
1595,canoe 770-432-2663
1596,3700 w. flamingo
1597,bugsy's diner 702/733-3111
1598,asian
1599,darbar 212-432-7227
1600,italian
1601,1029 edgewood ave. se
1602,indian
1603,indian delights 100-813-8212
1604,1 main st.
1605,margarita's mexican cantina 702/794-8200
1606,1550 california st.
1607,american
1608,american
1609,13 w. 46th st.
1610,french
1611,3570 las vegas blvd. s
1612,bistro roti 415/495-6500
1613,300 de haro st.
1614,cafe centro 212/818-1222
1615,vicolo pizzeria 415-863-2382
1616,asian
1617,211 w. broadway at franklin st.
1618,asian
1619,le select 212/875-1993
1620,119 macdougal st.  between 3rd and bleecker sts.
1621,thai
1622,chez jacqueline 212/505-0727
1623,640 sacramento st.
1624,asian
1625,scala's bistro 415/395-8555
1626,2182 broadway  between 77th and 78th sts.
1627,american
1628,45 s. fair oaks ave.
1629,californian
1630,23725 w. malibu rd.
1631,vegetarian
1632,1240 9th ave.
1633,vivande porta via 415/346-4430
1634,chinese
1635,italian
1636,chinese
1637,62 spring st. at lafayette st.
1638,american
1639,1220 9th ave.
1640,valentino 310-829-4313
1641,american (new)
1642,belvedere  the 310-788-2306
1643,american
1644,8795 sunset blvd.
1645,375 greenwich st.  near franklin st.
1646,asian
1647,vince & eddie's 212/721-0068
1648,532 columbus ave.
1649,four seasons 212-754-9494
1650,mexican
1651,hamburgers
1652,243 e. 58th st.
1653,128 e. fremont st.
1654,34 union sq. e at 16th st.
1655,asian
1656,656 n. virgil ave.
1657,bertolini's 404/233-2333
1658,canter's 213/651-2030.
1659,ukrainian
1660,mesa grill 212-807-7400
1661,american
1662,405 e. 58th st.
1663,benny's burritos 212-254-2054
1664,4199 paces ferry rd.
1665,italian
1666,8600 beverly blvd.
1667,horseradish grill 404/255-7277
1668,gilliland's 310/392-3901
1669,seafood
1670,frijoleros 404-892-8226
1671,3555 las vegas blvd. s
1672,french
1673,44 w. 56th st.
1674,joe's shanghai 718-539-3838
1675,11 e. 53rd st.
1676,morton's 310/276-5205
1677,3675 satellite blvd.
1678,chinese
1679,3120 las vegas blvd. s
1680,yolie's 702/794-0700
1681,american
1682,asian
1683,seafood
1684,155 steuart st.
1685,caribbean
1686,201 ivy st.
1687,carta 415/863-3516
1688,200 park ave.  between 45th st. and vanderbilt ave.
1689,coffeehouses
1690,caffe bondi ristorante 212/691-8136
1691,asian
1692,507 columbus ave.  between 84th and 85th sts.
1693,italian
1694,southern
1695,72 macdougal st.  between w. houston and bleecker sts.
1696,hayes street grill 415/863-5545
1697,14016 ventura blvd.
1698,coffee shops
1699,da nico 212/343-1212
1700,432 powell st.
1701,american
1702,american
1703,ferrier 212/772-9000
1704,2125 fillmore st.
1705,french (new)
1706,zuni cafe & grill 415/552-2522
1707,italian
1708,coffee shops
1709,rex il ristorante 213-627-2300
1710,hamburgers
1711,9882 little santa monica blvd.
1712,asian
1713,cafe '50s 310-399-1955
1714,french (new)
1715,desserts
1716,70 w. 68th st.
1717,middle eastern
1718,aleck's barbecue heaven 404/525-2062
1719,american (new)
1720,les celebrites 212-484-5113
1721,jiraffe 310-917-6671
1722,matthew's 212/838-4343
1723,mexican
1724,155 w. 51st st.
1725,3500 peachtree rd.  phipps plaza
1726,italian
1727,8800 melrose ave.
1728,dante's down the hatch  buckhead 404/266-1600
1729,drai's 310/358-8585
1730,rainbow room 212-632-5000
1731,french bistro
1732,otabe 212/223-7575
1733,93 ave. a
1734,95 ave. a
1735,elias corner 718-932-1510
1736,4320 powers ferry rd.
1737,american
1738,8720 sunset blvd.
1739,joss 310/276-1886
1740,1031 peachtree st. ne
1741,steakhouses
1742,coyote cafe (las vegas) 702-891-7349
1743,american
1744,9 pell st.
1745,3200 las vegas blvd. s.
1746,lombardi's 212-941-7994
1747,posto 818/784-4400
1748,japanese
1749,252 n. beverly dr.
1750,japanese
1751,3900 paradise rd.
1752,asian
1753,buca giovanni 415/776-7766
1754,italian
1755,rose of india 212-533-5011
1756,trader vic's 310/276-6345
1757,steakhouses
1758,1772 market st.
1759,barbecue
1760,grand cafe hotel monaco 415/292-0101
1761,7 w. 20th st.
1762,cite 212/956-7100
1763,320 hayes st.
1764,italian
1765,kabuto sushi 415/752-5652
1766,164 mulberry st.  between grand and broome sts.
1767,hamburgers
1768,empire korea 212/725-1333
1769,american
1770,my thai 404-636-4280
1771,matsuhisa 310-659-9639
1772,north india 415/931-1556
1773,29 e. 65th st.
1774,mexican
1775,flowers 212/691-8888
1776,1658 market st.
1777,bistro 45 818-795-2478
1778,american
1779,californian
1780,veggieland 404-231-3111
1781,thai
1782,grand ticino 212/777-5922
1783,838 lincoln blvd.
1784,american (new)
1785,feast from the east 310-475-0400
1786,french
1787,manhattan cafe 212/888-6556
1788,seafood
1789,783 martin luther king jr. dr.
1790,or 415/982-3811 asian
1791,502 santa monica blvd
1792,oceana 212-759-5941
1793,kokomo cafe 213-933-0773
1794,greek
1795,1030 3rd ave. at 61st st.
1796,new york noodletown 212/349-0923
1797,japanese
1798,3380 peachtree rd.
1799,italian
1800,10668 w. pico blvd.
1801,tavern on the green 212-873-3200
1802,french bistro
1803,mo better meatty meat 213-935-5280
1804,68 e. 56th st.
1805,penang soho 212/274-8883
1806,24-02 31st st.
1807,kiev 212-674-4040
1808,797 third ave.
1809,coffee bar
1810,ocean avenue 310/394-5669
1811,6th st.
1812,californian
1813,bone's restaurant 404-237-2663
1814,s.p.q.r 212/925-3120
1815,latin american
1816,32 spring st.
1817,3125 piedmont rd.
1818,oyster bar 212-490-6650
1819,american
1820,californian
1821,swingers 213/653-5858
1822,430 n. camden dr.
1823,asian
1824,800 greenwich st.
1825,ritz-carlton cafe (buckhead) 404-237-2700
1826,308 e. sixth st.
1827,1232 w. paces ferry rd.
1828,szechuan kitchen 212-249-4615
1829,dive american
1830,alamo 212/ 759-0590
1831,1 united nations plaza at 44th st.
1832,continental
1833,501 geary st.
1834,continental
1835,hong kong villa 415/752-8833
1836,120 w. 51st st.
1837,emeril's new orleans fish house 702-891-7374
1838,mambo restaurante cubano 404/874-2626
1839,chinese
1840,kalo's coffee house 404-325-3733
1841,5116 geary blvd.
1842,buffets
1843,manora 415/861-6224
1844,6 e. 32nd st.
1845,fiorello's roman cafe 212/595-5330
1846,coffee bar
1847,stringer's fish camp and oyster bar 770/458-7145
1848,1248 clairmont rd.
1849,silver skillet  the 404-874-1388
1850,3131 webster st.
1851,coffee shops/diners
1852,21 west 17th st.  between 5th and 6th aves.
1853,mexican
1854,gallagher's 212/245-5336
1855,45 s. mentor ave.
1856,italian
1857,220 sandy springs circle
1858,doidge's 415-921-2149
1859,228 thompson st.  between w. 3rd and bleecker sts.
1860,french
1861,il nido 212/753-8450
1862,1949 westwood blvd.
1863,french
1864,john o'groats 310-204-0692
1865,1161 1st ave.  between 63rd and 64th sts.
1866,or 212/941-0772 american
1867,mel's drive-in 415-387-2244
1868,hot dogs
1869,6333 w. third st.
1870,american
1871,steakhouses
1872,mani's bakery & espresso bar 213-938-8800
1873,28 1/2 bowery at bayard st.
1874,pamir 212/644-9258
1875,italian
1876,italian
1877,7261 melrose ave.
1878,asian
1879,poquito mas 818-563-2252
1880,second street grill 702-385-6277
1881,109 spring st.  between greene and mercer sts.
1882,remi 212/581-4242
1883,117 second ave.
1884,3570 las vegas blvd. s.
1885,italian
1886,1514 n. gower st.
1887,french (new)
1888,indigo coastal grill 404-876-0676
1889,american (new)
1890,133 mulberry st.  between hester and grand sts.
1891,seventh regiment mess and bar 212/744-4107
1892,lower level
1893,595 piedmont ave.
1894,sparks steak house 212-687-4855
1895,mediterranean
1896,mediterranean
1897,20 mott 212/964-0380
1898,700 5th ave. at 55th st.
1899,californian
1900,cafe claude 415-392-3505
1901,1460 first ave.
1902,1 mission st.
1903,yama 212-475-0969
1904,123 w. 52nd st.
1905,mediterranean
1906,kamogawa 404/841-0314
1907,american
1908,bar anise 212/355-1112
1909,health food
1910,2332 clement st.
1911,american
1912,3799 las vegas blvd. s.
1913,seafood
1914,morton's of chicago (las vegas) 702-893-0703
1915,1402 n. highland ave.
1916,rib ranch 404/233-7644
1917,american
1918,1248 clairmont rd.
1919,ct 212/995-8500
1920,chinese
1921,3226 mission st.
1922,asian
1923,1900 broadway  between 63rd and 64th sts.
1924,3384 shallowford rd.  chamblee
1925,bertolini's 702/735-4663
1926,200 14th st. nw
1927,bill's place 415-221-5262
1928,asian
1929,vietnamese
1930,228 w. 52nd st.
1931,french
1932,hi-life restaurant and lounge 212/249-3600
1933,french
1934,2217 union st.
1935,la cumbre 415-863-8205
1936,greek and middle eastern
1937,251 e. 53rd st.
1938,asian
1939,joe allen 212/581-6464
1940,10516 w. pico blvd.
1941,asian
1942,3355 geary st.
1943,thep phanom 415-431-2526
1944,seafood
1945,le jardin 212/343-9599
1946,519 s. fairfax ave.
1947,mediterranean
1948,cafeterias
1949,ocean star 818-308-2128
1950,1065 1st ave.  at 58th st.
1951,r&g lounge 415/982-7877
1952,2635 w. olive ave.
1953,mexican
1954,italian
1955,sushi nozawa 818-508-7017
1956,145 w. 53rd st.
1957,san pietro 212/753-9015
1958,french bistro
1959,latin american
1960,russian
1961,toulouse 404-351-9533
1962,643 park ave. at 66th st.
1963,t salon 212/925-3700
1964,210 e. 46th st.
1965,181 peachtree st.
1966,continental
1967,206 206 e. 60th st.
1968,american place 212/684-2122
1969,continental
1970,5955 melrose ave.
1971,1737 post st.
1972,asian
1973,two two two 212/799-0400
1974,lulu restaurant-bis-cafe 415-495-5775
1975,122 e. 17th st.
1976,american (new)
1977,madame ching's 702-894-7111
1978,3300 peachtree rd.  grand hyatt
1979,barbecue
1980,bouterin 212/758-0323
1981,eclectic
1982,240 e. 58th st.
1983,asian
1984,854 seventh ave.
1985,ca'brea 213/938-2863
1986,3200 las vegas blvd. s.
1987,indian
1988,103 west 404-233-5993
1989,25 irby ave.
1990,tomtom 404/264-1163
1991,italian
1992,mexican
1993,thai
1994,chopstix 404-255-4868
1995,3570 las vegas blvd. s
1996,carnival world 702/252-7777
1997,2315 clement st.
1998,italian
1999,1340 1st ave. at 72nd st.
2000,coffee bar
2001,chinois on main 310-392-9025
2002,internet cafe 212/ 614-0747
2003,ralph's diner 702/732-6330
2004,515 valencia st.
2005,roosevelt tamale parlor 415-550-9213
2006,american
2007,326 w. 46th st.
2008,coffee bar
2009,lattanzi ristorante 212/315-0980
2010,400 waller st.
2011,caffe lure 212/473-2642
2012,pacific pan pacific hotel 415/929-2087
2013,25 cleveland pl.  near spring st.
2014,french
2015,lucky strike 212/941-0479
2016,145 n. atlantic blvd.
2017,mexican/latin american/spanish
2018,rubin's red hots 818-905-6515
2019,steakhouses
2020,631 b kearny st.
2021,italian
2022,stars cafe 415/861-4344
2023,11288 ventura blvd.
2024,italian
2025,18 e. 54th st.
2026,sofia fabulous pizza 212/734-2676
2027,yank sing 415/541-4949
2028,coffeehouses
2029,coffee shops
2030,903 n. la cienega blvd.
2031,143 mercer st. at prince st.
2032,american
2033,22 hawthorne st.
2034,triangolo 212/472-4488
2035,fleur de lys 415-673-7779
2036,french (classic)
2037,aureole 212-319-1660
2038,southern
2039,13 1st ave.  near 1st st.
2040,13 w. 54th st.
2041,xunta 212/614-0620
2042,222 w. 79th st.
2043,italian
2044,barney greengrass 310/777-5877
2045,3300 las vegas blvd. s.
2046,176 n. canon dr.
2047,diners
2048,spago (las vegas) 702-369-6300
2049,jo jo 212-223-5656
2050,cajun
2051,402 w. 44th st.
2052,103 w. paces ferry rd.
2053,cassis 404/365-8100
2054,clearwater cafe 818/356-0959
2055,10250 santa monica blvd.
2056,thai
2057,cafe sunflower 404-256-1675
2058,3393 peachtree rd.
2059,broiler 702/432-7777
2060,italian
2061,cucina di pesce 212-260-6800
2062,4279 roswell rd.
2063,il fornaio cucina italiana 310/550-8330
2064,arnie morton's of chicago 310-246-1501
2065,steakhouses
2066,house of chan 770-955-9444
2067,3700 w. flamingo rd.
2068,mandarin court 702/737-1234
2069,american
2070,asian
2071,82 e. 3rd st.  between 1st and 2nd aves.
2072,3000 las vegas blvd. s
2073,betelnut 415/929-8855
2074,2817 24th st.
2075,cafe pierre 212/940-8185
2076,tu lan 415-626-0927
2077,old san francisco
2078,361 w. 46th st.
2079,american
2080,le perigord 212/755-6244
2081,faz 415/362-0404
2082,169 sullivan st.  between houston and bleecker sts.
2083,steakhouses
2084,cendrillon asian grill & marimba bar 212/343-9012
2085,500 post st.
2086,mediterranean
2087,sanppo 415/346-3486
2088,59 grand st.  between wooster st. and w. broadway
2089,coffee bar
2090,15322 ventura blvd.
2091,8358 sunset blvd.
2092,american (new)
2093,docks 212/ 986-8080
2094,500 van ness ave.
2095,vertigo 415/433-7250
2096,italian
2097,asian
2098,middle eastern
2099,1022 madison ave.  near 79th st.
2100,427 battery st.
2101,american (new)
2102,baja fresh 805-498-4049
2103,spago (los angeles) 310-652-4025
2104,seafood
2105,345 e. 83rd st.
2106,asian
2107,victor's cafe 212/586-7714
2108,600 stockton st.
2109,southwestern
2110,diaghilev 310-854-1111
2111,felidia 212-758-1479
2112,noodle shops
2113,210 e. 58th st.
2114,3500 las vegas blvd. s.
2115,174 1st ave.  between 10th and 11th sts.
2116,american
2117,beesley's of buckhead 404/264-1334
2118,california pizza kitchen 310/275-1101
2119,3rd st.
2120,march 212-754-6272
2121,montien 212/421-4433
2122,asian
2123,57 w. 58th st.
2124,arcadia 212-223-2900
2125,5975 roswell rd.
2126,3300 peachtree rd.  grand hyatt
2127,american
2128,el cholo 213/734-2773
2129,holt bros. bar-b-q 770/242-3984
2130,4 fish 17300 pacific coast hwy. at sunset blvd.
2131,continental
2132,flying biscuit  the 404-687-8888
2133,4111 boulder hwy.
2134,seryna 212-980-9393
2135,american
2136,87 e. fourth st.
2137,156 second ave.
2138,jackson diner 718-672-1232
2139,414 n. beverly dr.
2140,mon kee seafood restaurant 213/628-6717
2141,2469 cobb pkwy.
2142,chinese
2143,1510 e. flamingo rd.
2144,viva mercado's 702/871-8826
2145,italian
2146,monsoon (ny) 212-580-8686
2147,asian
2148,seafood
2149,2030 union st.
2150,continental
2151,8 sixth st.
2152,capp's corner 415/989-2589
2153,2 e. 61st st.
2154,coffee bar
2155,caffe vivaldi 212/691-7538
2156,american
2157,405 e. 52nd st.
2158,american
2159,161 sutter st.
2160,french
2161,45 mercer st.  between broome and grand sts.
2162,harry denton's 415/882-1333
2163,701 stone canyon rd.
2164,mediterranean
2165,cupcake cafe 212/465-1530
2166,1702 post st.
2167,mexican
2168,633 3rd ave. at 40th st.
2169,caribbean
2170,felix 212/431-0021
2171,600 montgomery st.
2172,zarzuela 415/346-0800
2173,italian
2174,palm  the (atlanta) 404-814-1955
2175,american (new)
2176,pinot bistro 818-990-0500
2177,thai
2178,3345 kimber dr.
2179,bruno's 310-397-5703
2180,french (classic)
2181,french
2182,californian
2183,american
2184,52 236 w. 52nd st.
2185,italian
2186,1020 n. san vicente blvd.
2187,american (new)
2188,jan's family restaurant 213-651-2866
2189,le bernardin 212-489-1515
2190,match 212/906-9173
2191,hot dogs
2192,60 w. 55th st.
2193,260 e. paces ferry road
2194,eastern european
2195,colonnade restaurant 404/874-5642
2196,930 hilgard ave.
2197,pisces 212-260-6660
2198,southwestern
2199,1134 1st ave.   between 62nd and 63rd sts.
2200,osteria al droge 212/944-3643
2201,21 e. 62nd st.
2202,35 w. 64th st.
2203,diners
2204,edison cafe 212-840-5000
2205,6359 jimmy carter blvd.  at buford hwy.  norcross
2206,american
2207,8783 beverly blvd.
2208,jimmy's 310/552-2394
2209,1655 mclendon ave.
2210,american
2211,chin's 702-733-8899
2212,italian
2213,37-03 74th st.
2214,lemongrass grill 718-399-7100
2215,152 w. 44th st.
2216,continental
2217,steakhouses
2218,pinot hollywood 213/461-8800
2219,362 n. camden dr.
2220,french (new)
2221,6182 w. flamingo rd.
2222,mediterranean
2223,american
2224,435 amsterdam ave.
2225,peter luger steak house 718-387-7400
2226,1529 piedmont ave.
2227,italian
2228,tra di noi 310/456-0169
2229,chinese
2230,1600 powell st.
2231,american
2232,gaylord's 415/771-8822
2233,32 jones st. at bleecker st.
2234,french bistro
2235,161 steuart st.
2236,italian
2237,jack's 415/986-9854
2238,522 9th ave. at 39th st.
2239,thai
2240,emily's 212/996-1212
2241,american
2242,morton's of chicago (atlanta) 404-577-4366
2243,buffets
2244,locanda veneta 310-274-1893
2245,moose's 415/989-7800
2246,340 w. broadway at grand st.
2247,californian
2248,fleur de jour 212/355-2020
2249,2000 hyde st.
2250,asian
2251,3391 peachtree rd. ne
2252,delis
2253,van gogh's restaurant & bar 770-993-1156
2254,seafood
2255,golden unicorn 212/ 941-0911
2256,3838 centinela ave.
2257,seafood
2258,falafel king 310-208-4444
2259,coffee bar
2260,american
2261,8424 beverly blvd.
2262,american
2263,killer shrimp 818-508-1570
2264,american (new)
2265,160 mercer st.  between houston and prince sts.
2266,new york kom tang soot bul house 212/ 947-8482
2267,pacific new wave
2268,1879 cheshire bridge rd.
2269,east european
2270,mishima 213-782-0181
2271,seafood
2272,smith & wollensky 212-753-1530
2273,steakhouses
2274,142 w. 44th st.
2275,pen & pencil 212/682-8660
2276,228 w. 47th st.
2277,1110 third ave.
2278,asian
2279,nicola 213/485-0927
2280,11705 national blvd.
2281,french bistro
2282,american (new)
2283,bacchanalia 404-365-0410
2284,ruth's chris 212/245-9600
2285,61a seventh ave.
2286,one if by land  tibs 212-228-0822
2287,2355 peachtree rd. ne
2288,middle eastern
2289,french
2290,7371 melrose ave.
2291,sofi 213/651-0346
2292,continental
2293,pano's & paul's 404-261-3662
2294,178 broadway
2295,szechuan hunan cottage 212-535-5223
2296,255 courtland st.
2297,californian
2298,311 w. 17th st.
2299,aja 212/473-8388
2300,italian
2301,ghirardelli sq.
2302,southern
2303,hong kong flower lounge 415/668-8998
2304,buzio's in the rio 702-252-7697
2305,luna si 404/355-5993
2306,billy's 212/753-1870
2307,steakhouses
2308,615 sacramento st.
2309,italian
2310,macarthur park 415/398-5700
2311,1325 5th ave. at 111th st.
2312,film center cafe 212/ 262-2525
2313,south of france 404/325-6963
2314,303 peachtree st. ne
2315,riviera 404-262-7112
2316,1652 stockton st.
2317,continental
2318,348 e. 62nd st.
2319,cambodian
2320,gabriela's 212/961-0574
2321,italian
2322,70 w. crossville rd.
2323,cha cha cha's 415-386-5758
2324,18 e. broadway at catherine st.
2325,coffee bar
2326,il cortile 212/226-6060
2327,1059 broxton ave.
2328,italian
2329,joe's 310-399-5811
2330,american
2331,marnee thai 415-665-9500
2332,l'auberge du midi 212/242-4705
2333,4000 colfax ave.
2334,american
2335,main course  the 310-475-7564
2336,pacific rim
2337,32 w. 32nd st.
2338,palio 212/245-4850
2339,eclectic
2340,8474 w. third st.
2341,asian
2342,palace court 702-731-7110
2343,pink's famous chili dogs 213-931-4223
2344,205 e. 45th st.
2345,red tulip 212/734-4893
2346,italian
2347,111 s. san pedro st.
2348,heera of india 404-876-4408
2349,french bistro
2350,uncle bill's pancake house 310-545-5177
2351,148 w. 51st st.
2352,serendipity 212/838-3531
2353,17 barrow st.
2354,sarabeth's 212-410-7335
2355,490 e. paces ferry rd. ne
2356,american
2357,9 jones st.
2358,west beach cafe 310/823-5396
2359,american
2360,boulevard 415-543-6084
2361,terrace 212/666-9490
2362,1588 york ave.
2363,252 california st.
2364,wollensky's grill 212-753-0444
2365,321 w. 46th st.
2366,italian
2367,imperial fez 404/351-0870
2368,american
2369,au mandarin 212/385-0313
2370,vegetarian
2371,5322 geary blvd.
2372,postrio 415-776-7825
2373,3700 w. flamingo rd.
2374,italian
2375,moongate 702-791-7352
2376,1931 peachtree rd.
2377,r.j.'s uptown kitchen & wine bar 404/875-7775
2378,american
2379,c3 212/254-1200
2380,1486 2nd ave.  between 77th and 78th sts.
2381,cuban
2382,607 front st.
2383,asian
2384,635 9th ave.  between 44th and 45th sts.
2385,bistro  the 404-231-5733
2386,2345 cheshire bridge rd.
2387,battista's hole in the wall 702/732-1424
2388,519 e. paces ferry rd.
2389,zab-e-lee 404-768-2705
2390,old san francisco
2391,685 amsterdam ave. at 93rd st.
2392,french
2393,hard rock cafe 212/489-6565
2394,feast 702/367-2411
2395,1805 haight st.
2396,american
2397,kelly's on trinity 415-362-4454
2398,french
2399,125 mulberry st.  between canal and hester sts.
2400,middle eastern
2401,grill  the 310-276-0615
2402,jimmy sung's 212/682-5678
2403,1023 abbot kinney blvd.
2404,2225 irving st.
2405,swan oyster depot 415-673-1101
2406,310 w. 4th st.  between w. 12th and bank sts.
2407,french
2408,le gamin 212/254-4678
2409,10509 w. pico blvd.
2410,asian
2411,ocean park cafe 310-452-5728
2412,151 w. 51st. st.
2413,perry's 415/922-9022
2414,709 n. la brea ave.
2415,noodle shops
2416,french (new)
2417,shiro 818-799-4774
2418,439 e. 75th st.
2419,sammy's roumanian steak house 212/673-0330
2420,tadich grill 415/391-2373
2421,cafeterias
2422,american
2423,1305 highland ave.
2424,eclectic
2425,ritz-carlton restaurant 404-659-0400
2426,3 225 e. 60th st.
2427,sweet'n'tart cafe 212/334-8088
2428,1295 madison ave.
2429,3434 peachtree rd. ne
2430,american
2431,222 e. 58th st.  between 2nd and 3rd aves.
2432,french
2433,9001 santa monica blvd.
2434,648 bush st.
2435,400 w. 119th st.  between amsterdam and morningside aves.
2436,american
2437,turkish kitchen 212/679-1810
2438,la folie 415-776-5577
2439,205 e. 49th st.
2440,afghan
2441,hugo's cellar 702-385-4011
2442,2285 peachtree rd.  peachtree battle condominium
2443,carnegie deli 212-757-2245
2444,southern
2445,boonthai 212/249-8484
2446,italian
2447,225 varick st. at clarkston st.
2448,asian
2449,2450 broadway
2450,broadway deli 310/451-0616
2451,4100 cahuenga blvd.
2452,3400 las vegas blvd. s.
2453,italian
2454,tre visi 702-891-7331
2455,870 n. highland ave.
2456,taste of new orleans 404/874-5535
2457,italian
2458,italian
2459,56 e. andrews dr. nw
2460,indian
2461,chops 404-262-2675
2462,4041 audrie st. at flamingo rd.
2463,capozzoli's 702/731-5311
2464,4837 old national hwy.
2465,asian
2466,french
2467,221 w. 57th st.
2468,coffee bar
2469,campanile 213-938-1447
2470,2411 w. sahara ave.
2471,pamplemousse 702/733-2066
2472,333 bush st.
2473,phnom penh cambodian restaurant 415-775-5979
2474,steak houses
2475,219 e. 44th st.  between 2nd and 3rd aves.
2476,coffee bar
2477,lanza restaurant 212/674-7014
2478,1517 polk st.
2479,caffe dell'artista 212/645-4431
2480,asian
2481,oritalia 415/346-1333
2482,50 macdougal st.  between houston and prince sts.
2483,italian
2484,lola 212/675-6700
2485,3117 ocean park blvd.
2486,french
2487,american
2488,1944 union st.
2489,french bistro
2490,stars 415/861-7827
2491,french
2492,1505 mission st. s.
2493,californian
2494,157 chrystie st. at delancey st.
2495,240 california st.
2496,wu kong 415/957-9300
2497,american (new)
2498,indonesian
2499,1972 hillhurst ave.
2500,76 mott st. at canal st.
2501,coffee bar
2502,trattoria dell'arte 212/245-9800
2503,570 fourth st.
2504,french bistro
2505,aquavit 212-307-7311
2506,caribbean
2507,mexican
2508,21 w. 52nd st.
2509,west 212/246-6363
2510,386 3rd ave.  between 27th and 28th sts.
2511,italian
2512,adriano's ristorante 310/475-9807
2513,26025 pacific coast hwy.
2514,202 e. fremont st.
2515,diners
2516,island spice 212-765-1737
2517,american
2518,42 e. 20th st.
2519,3799 las vegas blvd. s.
2520,latin american
2521,9500 wilshire blvd.
2522,camille's 404/872-7203
2523,chan dara 213/467-1052
2524,french (classic)
2525,brookhaven cafe 404-231-5907
2526,889 w. peachtree st.
2527,american
2528,239 w. broadway
2529,cucina della fontana 212-242-0636
2530,70 w. paces ferry rd.
2531,harry's bar & american grill 310/277-2333
2532,pizza
2533,havana sandwich shop 404-636-4094
2534,3333 s. maryland pkwy.
2535,lillie langtry's 702/385-7111
2536,mexican
2537,old san francisco
2538,thai
2539,400 e. sahara ave.
2540,bardelli's 415/982-0243
2541,631 larkin st.
2542,cafe luxembourg 212/873-7411
2543,steak houses
2544,168 1st ave.  between 10th and 11th sts.
2545,mexican
2546,le marais 212/869-0900
2547,fusion
2548,des alpes 415/788-9900
2549,46 greenwich ave.
2550,diners
2551,casa la femme 212/505-0005
2552,1915 fillmore st.
2553,vegetarian
2554,30 west 22nd st.  between 5th and 6th ave.
2555,seafood
2556,6703 melrose ave.
2557,tex-mex
2558,dix et sept 212/645-8023
2559,150 redwood alley
2560,ton kiang 415/752-4440
2561,californian
2562,american
2563,coffee shops
2564,japanese
2565,101 spear st.
2566,italian
2567,asahi ramen 310-479-2231
2568,american
2569,900 7th ave.  between 56th and 57th sts.
2570,american
2571,verbena 212/260-5454
2572,dawat 212-355-7555
2573,american (new)
2574,chez melange 310-540-1222
2575,californian
2576,20 e. 76th st.
2577,63rd street steakhouse 44 w. 63rd st.
2578,french
2579,419 n. fairfax ave.
2580,atlanta fish market 404/262-3165
2581,cafe pinot 213/239-6500
2582,japanese
2583,manhattan ocean club 212-371-7777
2584,monkey bar 212/838-2600
2585,249 e. 50th st.
2586,afghan kebab house 212-307-1612
2587,4274 peachtree rd.
2588,1186 n. highland ave.
2589,mexican
2590,2424 main st.
2591,french quarter food shop 404/875-2489
2592,ed debevic's 310/659-1952
2593,japanese
2594,eats 404-888-9149
